INSERT INTO company_branch (address,county) VALUES ('New York','NY');
INSERT INTO company_branch (address,county) VALUES ('Pacoima','CA');
INSERT INTO company_branch (address,county) VALUES ('Cocoa','FL');
INSERT INTO company_branch (address,county) VALUES ('Nuevo','CA');
INSERT INTO company_branch (address,county) VALUES ('San Francisco','CA');
INSERT INTO company_branch (address,county) VALUES ('Pittsburgh','PA');
INSERT INTO company_branch (address,county) VALUES ('Wrightwood','CA');
INSERT INTO company_branch (address,county) VALUES ('Mcminnville','OR');


#example number 2 dont push the example data

INSERT INTO phone_number (company_id,number) VALUES (1,19285647);
INSERT INTO phone_number (company_id,number) VALUES (2,+140592335);
INSERT INTO phone_number (company_id,number) VALUES (3,+162760184);
INSERT INTO phone_number (company_id,number) VALUES (4,+199537819);
INSERT INTO phone_number (company_id,number) VALUES (5,+162193403);
INSERT INTO phone_number (company_id,number) VALUES (6,+133743115);
INSERT INTO phone_number (company_id,number) VALUES (7,+130667522);
INSERT INTO phone_number (company_id,number) VALUES (8,+124946821);
INSERT INTO phone_number (company_id,number) VALUES (1,+171459799);
INSERT INTO phone_number (company_id,number) VALUES (2,+159288776);

INSERT INTO car_detail (car_name,vehical_class,registration_number,model_name,cost,manufacturer,engine_size,capacity,colour,current_milage,status,assigned,date_acquired,date_due) VALUES 
('Maruti Swift','A',66564428,'LXI',70,'Maruti Suzuki India Limited','1197 cc',5,'Solid Fire Red',23,'hired','1','2021-10-11 18:13:06','2021-10-11 18:13:06');

INSERT INTO car_detail (car_name,vehical_class,registration_number,model_name,cost,manufacturer,engine_size,capacity,colour,current_milage,status,assigned,date_acquired,date_due) VALUES 
('Maruti Swift','A',96738395,'VXI',70,'Maruti Suzuki India Limited','1197 cc',5,'Solid Fire Red',23,'hired','1','2021-10-11 18:13:06','2021-10-11 18:13:06');

INSERT INTO car_detail (car_name,vehical_class,registration_number,model_name,cost,manufacturer,engine_size,capacity,colour,current_milage,status,assigned,date_acquired,date_due) VALUES 
('Maruti Swift','B',753739585,'VXI AMT',55,'Maruti Suzuki India Limited','1197 cc',5,'Solid Fire Red',23,'hired','1','2021-10-11 18:13:06','2021-10-11 18:13:06');

INSERT INTO car_detail (car_name,vehical_class,registration_number,model_name,cost,manufacturer,engine_size,capacity,colour,current_milage,status,assigned,date_acquired,date_due) VALUES 
('Maruti Swift','B',10433483,'ZXI',55,'Maruti Suzuki India Limited','1197 cc',5,'Solid Fire Red',23,'hired','1','2021-10-11 18:13:06','2021-10-11 18:13:06');

INSERT INTO car_detail (car_name,vehical_class,registration_number,model_name,cost,manufacturer,engine_size,capacity,colour,current_milage,status,assigned,date_acquired,date_due) VALUES 
('Hyundai i20','B',34914749,'Sportz',55,'Hyundai Motor India Ltd','1493 cc',5,'Starry Night',21,'hired','1','2021-10-11 18:13:06','2021-10-11 18:13:06');

INSERT INTO car_detail (car_name,vehical_class,registration_number,model_name,cost,manufacturer,engine_size,capacity,colour,current_milage,status,assigned,date_acquired,date_due) VALUES 
('Hyundai i20','B',493452383,'Magna',55,'Hyundai Motor India Ltd','1493 cc',5,'Starry Night',21,'hired','1','2021-10-11 18:13:06','2021-10-11 18:13:06');

INSERT INTO car_detail (car_name,vehical_class,registration_number,model_name,cost,manufacturer,engine_size,capacity,colour,current_milage,status,assigned,date_acquired,date_due) VALUES 
('Skoda Kushaq','C',89625742,'1.0 TSI Active',55,'Škoda Auto','999 cc',5,'Honey Orange',17,'hired','1','2021-10-11 18:13:06','2021-10-11 18:13:06');

INSERT INTO car_detail (car_name,vehical_class,registration_number,model_name,cost,manufacturer,engine_size,capacity,colour,current_milage,status,assigned,date_acquired,date_due) VALUES 
('Hyundai Alcazar','B',68572418,'Prestige 7-Seater',55,'Hyundai Motor India Ltd','1999 cc',7,'Typhoon Silver',14,'hired','1','2021-10-11 18:13:06','2021-10-11 18:13:06');

INSERT INTO car_detail (car_name,vehical_class,registration_number,model_name,cost,manufacturer,engine_size,capacity,colour,current_milage,status,assigned,date_acquired,date_due) VALUES 
('Hyundai Creta','B',55469824,'SX Opt Turbo Dualtone',55,'Hyundai Motor India Ltd','1353 cc',5,'Typhoon Silver',16,DEFAULT,'1','2021-10-11 18:13:06','2021-10-11 18:13:06');

INSERT INTO car_detail (car_name,vehical_class,registration_number,model_name,cost,manufacturer,engine_size,capacity,colour,current_milage,status,assigned,date_acquired,date_due) VALUES 
('Mercedes-Benz GLA','A',75412369,'220d',70,'Daimler AG','1950 cc',5,'Polar White',18,'broken','1','2021-10-11 18:13:06','2021-10-11 18:13:06');

INSERT INTO car_detail (car_name,vehical_class,registration_number,model_name,cost,manufacturer,engine_size,capacity,colour,current_milage,status,assigned,date_acquired,date_due) VALUES 
('Audi Q5','C',74125896,'Technology',48,'Audi','1984 cc',5,'Floret Silver Metallicd',13,'broken','1','2021-10-11 18:13:06','2021-10-11 18:13:06');

INSERT INTO car_detail (car_name,vehical_class,registration_number,model_name,cost,manufacturer,engine_size,capacity,colour,current_milage,status,assigned,date_acquired,date_due) VALUES 
('BMW X5','A',75369512,'xDrive 30d Sport',70,'BMW','2993 cc',5,'Mineral White',13,'hired','1','2021-10-11 18:13:06','2021-10-11 18:13:06');

INSERT INTO car_detail (car_name,vehical_class,registration_number,model_name,cost,manufacturer,engine_size,capacity,colour,current_milage,status,assigned,date_acquired,date_due) VALUES 
('Aston Martin DBX','A',92455542,'V8',70,'Aston Martin Lagonda','3982 cc',5,'Red',7,'hired','1','2021-10-11 18:13:06','2021-10-11 18:13:06');

INSERT INTO car_detail (car_name,vehical_class,registration_number,model_name,cost,manufacturer,engine_size,capacity,colour,current_milage,status,assigned,date_acquired,date_due) VALUES 
('Lamborghini Aventador','A',98002548,'SVJ',70,'Lamborghini','6498 cc',2,'Verde Mantis',7,'hired','1','2021-10-11 18:13:06','2021-10-11 18:13:06');



*here company_id refers to id of company_branch table so be sure the id should exists in company_branch tables
*vehical class should be A,B,C
*capacity refers to how many people can ride
*status should be avialble,hired,broken DEFAULT is available 
*assigned is boolean value if its assigned to some comapny_brach or NOT
*date acquired when the car comes to the comapny
*date due left this just add random DATABASE


INSERT INTO assign_car (car_id,branch_id) VALUES (1,1);
INSERT INTO assign_car (car_id,branch_id) VALUES (2,2);
INSERT INTO assign_car (car_id,branch_id) VALUES (3,3);
INSERT INTO assign_car (car_id,branch_id) VALUES (4,4);
INSERT INTO assign_car (car_id,branch_id) VALUES (5,5);
INSERT INTO assign_car (car_id,branch_id) VALUES (6,6);
INSERT INTO assign_car (car_id,branch_id) VALUES (7,7);
INSERT INTO assign_car (car_id,branch_id) VALUES (8,8);
INSERT INTO assign_car (car_id,branch_id) VALUES (9,1);
INSERT INTO assign_car (car_id,branch_id) VALUES (10,2);
INSERT INTO assign_car (car_id,branch_id) VALUES (11,3);
INSERT INTO assign_car (car_id,branch_id) VALUES (12,4);
INSERT INTO assign_car (car_id,branch_id) VALUES (13,5);
INSERT INTO assign_car (car_id,branch_id) VALUES (14,6);



*here car id and branch id both refers to table car_detail and company_branch table id so be sure to that id number exists in bot table


//same applies to all tables

INSERT INTO client_hire (customer_number,first_name,surname,hire_number,home_address,phone_number,date_of_birth,date_hired,driving_license_number,rent_period,car_id,staff_id) VALUES (2340983,'Chester','Henderson',34539347,'51 N Maine St Baldwin Park, CA 91706, USA',+154527216,'1971-01-09','2021-10-15','M1577406','12 Month',1,1);
INSERT INTO client_hire (customer_number,first_name,surname,hire_number,home_address,phone_number,date_of_birth,date_hired,driving_license_number,rent_period,car_id,staff_id) VALUES (32408325,'Chester','Henderson',338530434,'51 N Maine St Baldwin Park, CA 91706, USA',+154527216,'1971-01-09','2021-10-15','M1577406','12 Month',2,1);
INSERT INTO client_hire (customer_number,first_name,surname,hire_number,home_address,phone_number,date_of_birth,date_hired,driving_license_number,rent_period,car_id,staff_id) VALUES (23409835,'Chester','Henderson',297483343,'51 N Maine St Baldwin Park, CA 91706, USA',+154527216,'1971-01-09','2021-10-15','M1577406','12 Month',3,2);

INSERT INTO client_hire (customer_number,first_name,surname,hire_number,home_address,phone_number,date_of_birth,date_hired,driving_license_number,rent_period,car_id,staff_id) VALUES (23408932,'Eugene','Simmons',349735983,'299 Virginia Way Laguna Beach, CA 92651, USA',+151889243,'1984-10-05','2021-10-16','Y6825694','24 Month',4,2);
INSERT INTO client_hire (customer_number,first_name,surname,hire_number,home_address,phone_number,date_of_birth,date_hired,driving_license_number,rent_period,car_id,staff_id) VALUES (23423049,'Eugene','Simmons',593724249,'299 Virginia Way Laguna Beach, CA 92651, USA',+151889243,'1984-10-05','2021-10-16','Y6825694','24 Month',5,3);
INSERT INTO client_hire (customer_number,first_name,surname,hire_number,home_address,phone_number,date_of_birth,date_hired,driving_license_number,rent_period,car_id,staff_id) VALUES (23048234,'Eugene','Simmons',32947238,'299 Virginia Way Laguna Beach, CA 92651, USA',+151889243,'1984-10-05','2021-10-16','Y6825694','24 Month',6,4);

INSERT INTO client_hire (customer_number,first_name,surname,hire_number,home_address,phone_number,date_of_birth,date_hired,driving_license_number,rent_period,car_id,staff_id) VALUES (2357394,'Natalie','Gordon',30948324,'103 Chestnut St Lbby Philadelphia, PA 19106, USA',+131226916,'1992-08-02','2021-10-17','S5312578','6 Month',7,6);
INSERT INTO client_hire (customer_number,first_name,surname,hire_number,home_address,phone_number,date_of_birth,date_hired,driving_license_number,rent_period,car_id,staff_id) VALUES (24932539,'Natalie','Gordon',349832493,'103 Chestnut St Lbby Philadelphia, PA 19106, USA',+131226916,'1992-08-02','2021-10-17','S5312578','6 Month',8,7);

INSERT INTO client_hire (customer_number,first_name,surname,hire_number,home_address,phone_number,date_of_birth,date_hired,driving_license_number,rent_period,car_id,staff_id) VALUES (3498325,'Lisa','Brooks',23485393,'85 Race St Jonesboro, AR 72401, USA',+175853932,'1987-06-04','2021-10-16','551453189','36 Month',12,4);

INSERT INTO client_hire (customer_number,first_name,surname,hire_number,home_address,phone_number,date_of_birth,date_hired,driving_license_number,rent_period,car_id,staff_id) VALUES (234983259,'Janie','Colon',55972342,'36 Centennial Blvd Colorado Springs, CO 80919, USA',+126041372,'1974-03-15','2021-10-18','281558240','12 Month',13,5);

INSERT INTO client_hire (customer_number,first_name,surname,hire_number,home_address,phone_number,date_of_birth,date_hired,driving_license_number,rent_period,car_id,staff_id) VALUES (235895832,'Kaitlyn','Adcock',3582349,'3152 Hillcrest Drive Tacoma, WA 98402, USA',+145852307,'1999-07-14','2021-10-19','999882047659','16 Month',14,6);


INSERT INTO staff (company_id,staff_number,firstname,surname,home_address,phone_number,date_of_birth,date_joined_the_company,job_title,salary) VALUES (1,2342340,'Mitchell','Patteson','1082 Angus Road New York, NY 10016',+121245093,'1988-05-04','2021-10-12','Staff','$8000');

INSERT INTO staff (company_id,staff_number,firstname,surname,home_address,phone_number,date_of_birth,date_joined_the_company,job_title,salary) VALUES (2,3489234,'Abigail','Maas','669 Junkins Avenue Valdosta, GA 31601',+122963085,'1969-08-01','2021-10-13','Staff','$8200');

INSERT INTO staff (company_id,staff_number,firstname,surname,home_address,phone_number,date_of_birth,date_joined_the_company,job_title,salary) VALUES (3,2340923,'Justin','Jenks','4357 Scott Street Poughkeepsie, NY 12603',+184551800,'1964-05-29','2021-10-13','Staff','$8500');

INSERT INTO staff (company_id,staff_number,firstname,surname,home_address,phone_number,date_of_birth,date_joined_the_company,job_title,salary) VALUES (4,34234034,'Zac','Thompson','4725 Harter Street Lima, OH 45801',+193762263,'1992-02-02','2021-10-15','Staff','$7500');

INSERT INTO staff (company_id,staff_number,firstname,surname,home_address,phone_number,date_of_birth,date_joined_the_company,job_title,salary) VALUES (5,32528359,'Caitlin','Gaunt','4481 Nicholas Street Concordia, KS 66901',+178527528,'1979-06-20','2021-10-15','Staff','$8300');

INSERT INTO staff (company_id,staff_number,firstname,surname,home_address,phone_number,date_of_birth,date_joined_the_company,job_title,salary) VALUES (6,32492344,'Madeleine','Edouard','2871 Spirit Drive Lake City, FL 32055',+138662353,'1968-05-25','2021-10-17','Staff','$7300');

INSERT INTO staff (company_id,staff_number,firstname,surname,home_address,phone_number,date_of_birth,date_joined_the_company,job_title,salary) VALUES (7,348923438,'Thomas','Stapley','1278 Star Route Hickory Hills, IL 60457',+170859841,'1976-12-20','2021-10-19','Staff','$8100');